admin,ADMIN,admin,ADMIN,1696531765162,data/UserProfilePicture/admin.png
alex69,Alexander,123456,USER,1696663817576,data/UserProfilePicture/alex69.png
binAlmahnXX,Bin Almahn,454545,USER,1696520522410,data/UserProfilePicture/binAlmahnXX.png
brofessors,brofessors,170447,USER,1696771745258,data/UserProfilePicture/brofessors.png
ithikornn,Itihkorn Unhniyom,1234,USER,1696664096060,data/UserProfilePicture/ithikornn.png
tentlnwza007,TENET,1234,USER,1696664220408,data/UserProfilePicture/tentlnwza007.png
luvurmom,ter,123,USER,1696522193953,data/UserProfilePicture/luvurmom.png
mayaCreator,Maya,1234,USER,1696522944457,data/UserProfilePicture/mayaCreator.png
johnWick77,BabaYaga,ilovedog,USER,1696523011439,data/UserProfilePicture/johnWick77.png
kenobi_XX,General Kennobi,ilovesand,USER,1696523039373,data/UserProfilePicture/kenobi_XX.png
BenKen70,Ben Kennobi,70,USER,1696521877601,data/UserProfilePicture/BenKen70.png
soloXXX,Fastest Man At 12 Parsecs,solo,USER,1696521893407,data/UserProfilePicture/soloXXX.png
messi10,Lionel Messi,messi,USER,1696606949016,data/UserProfilePicture/messi10.png
pepTheBald,Pep The Important One,pep,USER,1696521944246,data/UserProfilePicture/pepTheBald.png
violette,Violette Wautier,youbetterloveme,USER,1696664380789,data/UserProfilePicture/violette.png
9arm,9ARM,9arm,USER,1696771633413,data/UserProfilePicture/9arm.png
e,EuroAun,e,USER,1696771694108,data/UserProfilePicture/e.png
w,test,w,USER,1696771717642,data/UserProfilePicture/w.png
